﻿Designator,Footprint,Quantity,Value,LCSC Part #
BT101,BatteryHolder_Multicomp_BC-2001_1x2032,1,CR2032,C6937139
C101,0805,1,100nF,C28233
"D102, D103, D104, D105, D107, D108, D109, D110, D111, D112, D113, D114, D115, D116, D117, D118, D119, D120, D121, D122, D123, D124, D125, D126, D127, D128, D129, D130, D132, D133, D134, D135, D137, D138, D139, D140, D141, D142",1206,38,LED_45deg,C3646940
J101,Harwin_M20-89003xx_1x03_P2.54mm_Horizontal,1,PROG,
J102,USB_C_Receptacle_GCT_USB4110,1,USB_C_Receptacle_USB2.0_16P,
R101,0805,1,10kΩ,C17414
R102,0805,1,1.5kΩ,C17414
SW101,SW_Push_1P1T_XKB_TS-1187A,1,Button,C318884
U101,SOP-16_3.9x9.9mm_P1.27mm,1,CH32V003AxMx,C5346357
